title,link
"중국 인민은행, 단기 이어 중기 정책금리 0.2%p '깜짝' 인하",https://n.news.naver.com/mnews/article/421/0007686053
SK하이닉스 6년 만에 영업익 5조대 ‘활짝 웃다’,https://n.news.naver.com/mnews/article/022/0003954296
2분기 GDP -0.2% ‘역성장’…발목 잡은 민간소비 부진,https://n.news.naver.com/mnews/article/056/0011769423
"현대차, 2분기 영업이익·매출 분기 역대 최대",https://n.news.naver.com/mnews/article/052/0002066040
"위메프 대표 ""환불자금 충분히 준비… PG사, 여행상품 결제취소 풀어주기로""",https://n.news.naver.com/mnews/article/082/0001281007
"깎아준 세금, 나올 곳은 없는데… ‘세수 펑크’ 키우는 정부 [2024 세법 개정안]",https://n.news.naver.com/mnews/article/022/0003954279
금감원 “티몬·위메프 미정산액 약 1700억원 보고… 즉시 민원 창구 마련”,https://n.news.naver.com/mnews/article/005/0001713429
"마이바흐 고객 대상 '하이엔드 워치' 클래스, '살롱 드 마이바흐'",https://n.news.naver.com/mnews/article/008/0005068563
유병태 HUG사장 “전세반환보증 보증료율 현실화해야…내년 실적 턴어라운드 예상” [부동산360],https://n.news.naver.com/mnews/article/016/0002340853
"포스코·현대제철 2Q 동반 부진 ""하반기 점진적 회복 기대""(종합)",https://n.news.naver.com/mnews/article/119/0002855137
미 증시 하락세에 국내 증시 '휘청'…코스피·코스닥↓,https://n.news.naver.com/mnews/article/422/0000672915
"위메프 1천400명 환불 완료…""여행상품 이어 일반상품도 환불""(종합3보)",https://n.news.naver.com/mnews/article/001/0014830642
[단독] “변호사도 당했다”…티몬·위메프 사태 29일 집단소송,https://n.news.naver.com/mnews/article/022/0003954330
"""수십억 정산 밀려 파산 눈앞""...입점 업체들 줄도산 우려",https://n.news.naver.com/mnews/article/052/0002066149
"“집값 잡는다며 정권 잡았는데”...文정부 최고점 돌파한 서초, 신고가 행진",https://n.news.naver.com/mnews/article/009/0005340823
“합친다고 할때부터 불안했는데”…두산 때문에 개미들 속탄다,https://n.news.naver.com/mnews/article/009/0005340815
“이달에만 400억원 뭉칫돈”…일학개미 ‘이 상품’에 꽂혔다,https://n.news.naver.com/mnews/article/009/0005340814
"""돈 다 냈는데 여행사가 책임지고 보내줘야죠""…불만 터졌다 [일파만파 티메프]",https://n.news.naver.com/mnews/article/015/0005014498
‘700명 환불완료’ 밤부터 몰려온 위메프 피해자들… 환불 방법은,https://n.news.naver.com/mnews/article/022/0003954315
"티몬 직원은 알고 있었다…""오늘부터 환불 X"" 메모 '파장'",https://n.news.naver.com/mnews/article/421/0007687906
“언제까지 깜빡이만 켤텐가”...금리인하 미루다 성장 엔진 꺼질판,https://n.news.naver.com/mnews/article/009/0005340808
“환불 완수” 약속에도…위메프·티몬 환불 대란,https://n.news.naver.com/mnews/article/056/0011769563
"""위메프는 환불되는데""…'무대응' 티몬에 뿔난 소비자들, 본사 점거",https://n.news.naver.com/mnews/article/008/0005069025
"내 생애 첫 그림 투자, 단돈 10만원으로 시작해 볼까",https://n.news.naver.com/mnews/article/023/0003848549
"수도권 집값 18주 연속 '파죽지세'…""정부가 수요 자극""",https://n.news.naver.com/mnews/article/055/0001175488
"세 자녀에 5억씩 줘도 ‘상속세 0원’…초부자들, 평균 62억 절세",https://n.news.naver.com/mnews/article/032/0003310901
아이오닉9·EV3·올 뉴 iX2…전기 SUV 봇물,https://n.news.naver.com/mnews/article/024/0000090554
미래에셋 출신 줄줄이…여의도 ‘인력 블랙홀’,https://n.news.naver.com/mnews/article/024/0000090553
"삼전우 60% 대박 떠오른다…""지금 사놔라"" 고수의 픽",https://n.news.naver.com/mnews/article/025/0003375783
"“엔화 떨어질때마다 사던 누나, 방긋 웃더라”…6개월만에 910원 찍은 엔화값",https://n.news.naver.com/mnews/article/009/0005340806
“폭락열차 못 내렸더니 어질어질”…안전띠 갖춘 ‘이 종목’ 갈아타볼까,https://n.news.naver.com/mnews/article/009/0005340805
"“20만닉스, 허무하게 무너지다니”…한국 반도체 ‘검은 목요일’",https://n.news.naver.com/mnews/article/009/0005340804
대신자산운용 '세운5-1·3구역 오피스' 펀드로 선매입,https://n.news.naver.com/mnews/article/018/0005798089
경쟁 OTT 죽 쑤는데 넷플릭스만 '함박 웃음' [Global],https://n.news.naver.com/mnews/article/665/0000003399
"'밤샘' 대응 위메프, 1400여명 환불…'무대응' 티몬, 고객 본사 점거(종합2보)",https://n.news.naver.com/mnews/article/421/0007687846
[현장] 위메프 대표 가로막은 소비자들…'뒤죽박죽' 환불 순서에 원성,https://n.news.naver.com/mnews/article/003/0012689786
"[단독] 로켓배송 기사 쓰러진 날, 물류센터 사망자 있었다",https://n.news.naver.com/mnews/article/214/0001363592
"[마켓인]예심청구 앞둔 럭스로보, IPO 순항에 회수 기대감 두둥실",https://n.news.naver.com/mnews/article/018/0005798085
SK하이닉스 6년 만에 영업익 5조대 ‘활짝 웃다’,https://n.news.naver.com/mnews/article/022/0003954296
"계약해지권 주고, 4000만 원 할인…건설사 “미분양 줄여라”",https://n.news.naver.com/mnews/article/658/0000079564
"상속세 줄이고, 금투세 없애고, 종부세 더 본다[박지환의 뉴스톡]",https://n.news.naver.com/mnews/article/079/0003920861
"SK하이닉스, 2Q ‘어닝 서프라이즈’…역대급 매출·이익 [한양경제]",https://n.news.naver.com/mnews/article/666/0000047935
"""환불해 달라"" 본사로 몰려간 피해자들…위메프 측 ""해결하겠다""",https://n.news.naver.com/mnews/article/055/0001175469
"""드디어 400만원 받았어요"" 소리에 박수…위메프 본사는 지금 [일파만파 티메프]",https://n.news.naver.com/mnews/article/015/0005014428
“그냥 카드사에서 결제 취소해주면 안 되나요?”··· 복잡한 티몬·위메프 환불 전쟁,https://n.news.naver.com/mnews/article/469/0000814319
"[단독] ""상속세, 피상속인 93.5%는 세금 0원... 상위 1%가 64.1% 내""",https://n.news.naver.com/mnews/article/469/0000814318
